OID_,STATEFP,COUNTYFP,COUSUBFP,COUSUBNS,AFFGEOID,GEOID,NAME,NAMELSAD,STUSPS,NAMELSADCO,STATE_NAME,LSAD,Shape_Length,Shape_Area,newdev,olddev,totalland,pctnew,pctold,pcttotal,totaldev,newacres,pct_no_cars,pct_2_plus_cars,totalpop,pctwhite
1,27,053,41462,02395082,0600000US2705341462,2705341462,Medicine Lake,Medicine Lake city,MN,Hennepin County,Minnesota,25,0.046150584634583,0.000108031508328,0.000000000000000,425.000000000000000,481.000000000000000,0.000000000000000,40.708812260536398,40.708812260536398,425.000000000000000,0.000000000000000,1.000000000000000,69.000000000000000,475.000000000000000,89.099999999999994
6,27,003,11494,02393526,0600000US2700311494,2700311494,Circle Pines,Circle Pines city,MN,Anoka County,Minnesota,25,0.109523989258609,0.000576344580718,48.000000000000000,3892.000000000000000,5046.000000000000000,0.854548691472316,69.289656400213644,70.144205091685947,3940.000000000000000,10.674952485712355,1.000000000000000,71.000000000000000,4951.000000000000000,89.299999999999997
8,55,093,65375,01583980,0600000US5509365375,5509365375,Prescott,Prescott city,WI,Pierce County,Wisconsin,25,0.147545492428288,0.000874978349499,736.000000000000000,4125.000000000000000,7399.000000000000000,8.596122401308106,48.177995795374912,56.774118196683020,4861.000000000000000,163.682604780922759,1.000000000000000,72.000000000000000,4278.000000000000000,96.400000000000006
10,27,003,29258,02394389,0600000US2700329258,2700329258,Hilltop,Hilltop city,MN,Anoka County,Minnesota,25,0.024307642936573,0.000035678930475,0.000000000000000,355.000000000000000,355.000000000000000,0.000000000000000,100.000000000000000,100.000000000000000,355.000000000000000,0.000000000000000,21.000000000000000,34.000000000000000,1007.000000000000000,36.200000000000003
14,27,025,72022,02397388,0600000US2702572022,2702572022,Wyoming,Wyoming city,MN,Chisago County,Minnesota,25,0.335512454274663,0.006450155335992,1476.000000000000000,11771.000000000000000,60144.000000000000000,2.364172219374680,18.854113275243463,21.218285494618144,13247.000000000000000,328.254788935654915,3.000000000000000,83.000000000000000,7976.000000000000000,99.299999999999997
15,27,053,38006,02395756,0600000US2705338006,2705338006,Long Lake,Long Lake city,MN,Hennepin County,Minnesota,25,0.119894894646893,0.000281609156803,180.000000000000000,1990.000000000000000,2466.000000000000000,6.576543660942638,72.707343807088051,79.283887468030684,2170.000000000000000,40.031071821421328,11.000000000000000,61.000000000000000,1779.000000000000000,91.000000000000000
16,27,053,43270,02395351,0600000US2705343270,2705343270,Minnetonka Beach,Minnetonka Beach city,MN,Hennepin County,Minnesota,25,0.091850060001121,0.000452948157210,81.000000000000000,976.000000000000000,1331.000000000000000,1.835486063902107,22.116474053931565,23.951960117833675,1057.000000000000000,18.013982319639599,1.000000000000000,78.000000000000000,590.000000000000000,90.299999999999997
17,27,053,56680,02396471,0600000US2705356680,2705356680,St. Anthony,St. Anthony city,MN,Hennepin County,Minnesota,25,0.125931165954662,0.000695929986554,8.000000000000000,6280.000000000000000,6439.000000000000000,0.118168389955687,92.762186115214178,92.880354505169876,6288.000000000000000,1.779158747618726,8.000000000000000,61.000000000000000,5611.000000000000000,89.400000000000006
18,27,003,10648,02393784,0600000US2700310648,2700310648,Centerville,Centerville city,MN,Anoka County,Minnesota,25,0.142154609385598,0.000718119034255,849.000000000000000,3106.000000000000000,6114.000000000000000,12.168553819693278,44.517701017629349,56.686254837322636,3955.000000000000000,188.813222091037261,2.000000000000000,78.000000000000000,4006.000000000000000,92.900000000000006
19,27,003,37376,00664793,0600000US2700337376,2700337376,Linwood,Linwood township,MN,Anoka County,Minnesota,44,0.419654519292373,0.010757872059567,200.000000000000000,8749.000000000000000,96756.000000000000000,0.192167262385180,8.406356893039701,8.598524155424881,8949.000000000000000,44.478968690468143,2.000000000000000,86.000000000000000,5247.000000000000000,95.099999999999994
21,27,163,30392,02394440,0600000US2716330392,2716330392,Hugo,Hugo city,MN,Washington County,Minnesota,25,0.419284885428341,0.010674022312918,6581.000000000000000,11654.000000000000000,95853.000000000000000,6.349926186088249,11.244801667326007,17.594727853414255,18235.000000000000000,1463.580464759854294,2.000000000000000,73.000000000000000,15008.000000000000000,92.599999999999994
23,27,003,47536,02437910,0600000US2700347536,2700347536,Nowthen,Nowthen city,MN,Anoka County,Minnesota,25,0.415739571839699,0.010465038546722,2097.000000000000000,8629.000000000000000,96862.000000000000000,2.070988385873430,8.521964130520661,10.592952516394091,10726.000000000000000,466.361986719558502,1.000000000000000,89.000000000000000,4715.000000000000000,93.599999999999994
33,27,037,63544,02396006,0600000US2703763544,2703763544,Sunfish Lake,Sunfish Lake city,MN,Dakota County,Minnesota,25,0.085741317810422,0.000491312822601,2.000000000000000,3110.000000000000000,4371.000000000000000,0.041814760610496,65.021952749320505,65.063767509930997,3112.000000000000000,0.444789686904681,1.000000000000000,94.000000000000000,525.000000000000000,93.500000000000000
39,27,139,57184,00665519,0600000US2713957184,2713957184,St. Lawrence,St. Lawrence township,MN,Scott County,Minnesota,44,0.363686192240273,0.004286053205751,313.000000000000000,2729.000000000000000,40349.000000000000000,0.745042964937754,6.495917735831092,7.240960700768846,3042.000000000000000,69.609586000582638,1.000000000000000,91.000000000000000,573.000000000000000,96.500000000000000
44,55,109,58050,01583829,0600000US5510958050,5510958050,North Hudson,North Hudson village,WI,St. Croix County,Wisconsin,47,0.142506897567341,0.000719323380863,333.000000000000000,3068.000000000000000,4428.000000000000000,4.750356633380885,43.766048502139796,48.516405135520685,3401.000000000000000,74.057482869629453,1.000000000000000,66.000000000000000,3819.000000000000000,98.099999999999994
46,27,163,69520,00665966,0600000US2716369520,2716369520,West Lakeland,West Lakeland township,MN,Washington County,Minnesota,44,0.276006459807377,0.003754559468588,1732.000000000000000,7580.000000000000000,35490.000000000000000,4.737417943107221,20.733041575492344,25.470459518599565,9312.000000000000000,385.187868859454113,1.000000000000000,97.000000000000000,4200.000000000000000,94.500000000000000
49,27,163,34622,02395609,0600000US2716334622,2716334622,Lakeland,Lakeland city,MN,Washington County,Minnesota,25,0.167463133553315,0.000860040833090,10.000000000000000,3182.000000000000000,5979.000000000000000,0.119345984007638,37.975892111230458,38.095238095238095,3192.000000000000000,2.223948434523407,1.000000000000000,72.000000000000000,1723.000000000000000,96.299999999999997
51,27,163,35414,02395626,0600000US2716335414,2716335414,Landfall,Landfall city,MN,Washington County,Minnesota,25,0.025219036497522,0.000019278361846,0.000000000000000,169.000000000000000,159.000000000000000,0.000000000000000,90.374331550802140,90.374331550802140,169.000000000000000,0.000000000000000,11.000000000000000,53.000000000000000,796.000000000000000,79.799999999999997
52,27,163,06058,02394171,0600000US2716306058,2716306058,Birchwood Village,Birchwood Village city,MN,Washington County,Minnesota,25,0.048805433771000,0.000103422103722,1.000000000000000,926.000000000000000,960.000000000000000,0.099601593625498,92.231075697211153,92.330677290836647,927.000000000000000,0.222394843452341,1.000000000000000,87.000000000000000,1067.000000000000000,89.099999999999994
55,27,019,14482,00663913,0600000US2701914482,2701914482,Dahlgren,Dahlgren township,MN,Carver County,Minnesota,44,0.436540062522990,0.007679672006405,142.000000000000000,4704.000000000000000,73743.000000000000000,0.189171906639667,6.266652456570393,6.455824363210061,4846.000000000000000,31.580067770232382,0.000000000000000,82.000000000000000,802.000000000000000,92.500000000000000
57,27,037,19871,00664113,0600000US2703719871,2703719871,Eureka,Eureka township,MN,Dakota County,Minnesota,44,0.442416425051435,0.010412431699181,720.000000000000000,5721.000000000000000,100736.000000000000000,0.705184082428184,5.603275188293944,6.308459270722127,6441.000000000000000,160.124287285685313,4.000000000000000,88.000000000000000,1283.000000000000000,97.799999999999997
58,27,003,12700,02393607,0600000US2700312700,2700312700,Columbia Heights,Columbia Heights city,MN,Anoka County,Minnesota,25,0.172183891360521,0.001034273519508,2.000000000000000,9819.000000000000000,9820.000000000000000,0.019886646117132,97.633489112061255,97.653375758178385,9821.000000000000000,0.444789686904681,11.000000000000000,51.000000000000000,20247.000000000000000,63.799999999999997
59,27,003,47690,02395282,0600000US2700347690,2700347690,Oak Grove,Oak Grove city,MN,Anoka County,Minnesota,25,0.440989209693699,0.010476433869426,3356.000000000000000,15236.000000000000000,97841.000000000000000,3.309403597349322,15.024455664247396,18.333859261596718,18592.000000000000000,746.357094626055414,1.000000000000000,91.000000000000000,8819.000000000000000,91.900000000000006
60,27,123,47221,02395261,0600000US2712347221,2712347221,North St. Paul,North St. Paul city,MN,Ramsey County,Minnesota,25,0.132280150260767,0.000892172672331,5.000000000000000,8139.000000000000000,8277.000000000000000,0.057524160147262,93.637827887712845,93.695352047860098,8144.000000000000000,1.111974217261704,8.000000000000000,60.000000000000000,12421.000000000000000,66.700000000000003
61,27,139,10450,00663767,0600000US2713910450,2713910450,Cedar Lake,Cedar Lake township,MN,Scott County,Minnesota,44,0.418305608298606,0.010630564263218,89.000000000000000,7284.000000000000000,98838.000000000000000,0.085385626433087,6.988189920658525,7.073575547091612,7373.000000000000000,19.793141067258322,0.000000000000000,95.000000000000000,3018.000000000000000,97.400000000000006
64,27,037,40724,00664919,0600000US2703740724,2703740724,Marshan,Marshan township,MN,Dakota County,Minnesota,44,0.464966071885718,0.010119919165041,270.000000000000000,6487.000000000000000,99086.000000000000000,0.272490563752700,6.546838100236159,6.819328663988858,6757.000000000000000,60.046607732131996,1.000000000000000,82.000000000000000,1227.000000000000000,98.099999999999994
65,27,037,66802,02397127,0600000US2703766802,2703766802,Vermillion,Vermillion city,MN,Dakota County,Minnesota,25,0.070491876549130,0.000291083614065,34.000000000000000,573.000000000000000,2850.000000000000000,1.192982456140351,20.105263157894736,21.298245614035089,607.000000000000000,7.561424677379584,0.000000000000000,83.000000000000000,484.000000000000000,98.099999999999994
69,27,037,41678,02395096,0600000US2703741678,2703741678,Mendota,Mendota city,MN,Dakota County,Minnesota,25,0.052432228513189,0.000088065253071,2.000000000000000,472.000000000000000,759.000000000000000,0.233918128654971,55.204678362573098,55.438596491228068,474.000000000000000,0.444789686904681,10.000000000000000,58.000000000000000,149.000000000000000,89.900000000000006
71,27,163,04132,00663529,0600000US2716304132,2716304132,Baytown,Baytown township,MN,Washington County,Minnesota,44,0.262607892459860,0.002442206467422,1482.000000000000000,3637.000000000000000,23219.000000000000000,6.241313960833859,15.316908822910086,21.558222783743947,5119.000000000000000,329.589157996368954,0.000000000000000,90.000000000000000,1910.000000000000000,96.299999999999997
74,27,053,38222,02395764,0600000US2705338222,2705338222,Loretto,Loretto city,MN,Hennepin County,Minnesota,25,0.035537782694497,0.000076277811518,0.000000000000000,686.000000000000000,741.000000000000000,0.000000000000000,92.577597840755729,92.577597840755729,686.000000000000000,0.000000000000000,1.000000000000000,65.000000000000000,737.000000000000000,100.000000000000000
78,27,053,55006,02396406,0600000US2705355006,2705355006,Rockford,Rockford city,MN,Hennepin County,Minnesota,25,0.075042290694024,0.000088042461560,1141.000000000000000,3029.000000000000000,7304.000000000000000,15.241784664707453,40.462196099385523,55.703980764092975,4170.000000000000000,253.752516379120749,0.000000000000000,55.000000000000000,426.000000000000000,89.000000000000000
84,27,053,71500,02397370,0600000US2705371500,2705371500,Woodland,Woodland city,MN,Hennepin County,Minnesota,25,0.073903655372747,0.000344222070675,1.000000000000000,1354.000000000000000,1677.000000000000000,0.029797377830751,40.345649582836714,40.375446960667460,1355.000000000000000,0.222394843452341,1.000000000000000,91.000000000000000,537.000000000000000,99.599999999999994
85,27,123,35738,02395642,0600000US2712335738,2712335738,Lauderdale,Lauderdale city,MN,Ramsey County,Minnesota,25,0.045622575128460,0.000124266466588,1.000000000000000,1207.000000000000000,1211.000000000000000,0.082508250825083,99.587458745874585,99.669966996699671,1208.000000000000000,0.222394843452341,11.000000000000000,49.000000000000000,2624.000000000000000,64.400000000000006
87,27,163,57292,02396508,0600000US2716357292,2716357292,St. Marys Point,St. Marys Point city,MN,Washington County,Minnesota,25,0.047232518145630,0.000114683348580,2.000000000000000,639.000000000000000,1106.000000000000000,0.179211469534050,57.258064516129039,57.437275985663085,641.000000000000000,0.444789686904681,1.000000000000000,83.000000000000000,440.000000000000000,97.000000000000000
89,27,037,01900,02393967,0600000US2703701900,2703701900,Apple Valley,Apple Valley city,MN,Dakota County,Minnesota,25,0.307626153366630,0.005166252960730,3488.000000000000000,39294.000000000000000,48911.000000000000000,6.906110165128895,77.800657347641859,84.706767512770767,42782.000000000000000,775.713213961764382,4.000000000000000,69.000000000000000,53728.000000000000000,75.000000000000000
90,27,053,30140,02394417,0600000US2705330140,2705330140,Hopkins,Hopkins city,MN,Hennepin County,Minnesota,25,0.226276987847009,0.001212964359653,40.000000000000000,11421.000000000000000,11792.000000000000000,0.338009126246409,96.510055771505833,96.848064897752238,11461.000000000000000,8.895793738093628,10.000000000000000,40.000000000000000,18400.000000000000000,66.500000000000000
95,27,163,51316,02396211,0600000US2716351316,2716351316,Pine Springs,Pine Springs city,MN,Washington County,Minnesota,25,0.074406407345668,0.000271284247545,17.000000000000000,921.000000000000000,2198.000000000000000,0.643208475217556,34.846765039727586,35.489973514945142,938.000000000000000,3.780712338689792,1.000000000000000,90.000000000000000,440.000000000000000,85.500000000000000
96,27,053,57220,02396500,0600000US2705357220,2705357220,St. Louis Park,St. Louis Park city,MN,Hennepin County,Minnesota,25,0.290772161088165,0.003202776137813,53.000000000000000,28926.000000000000000,30522.000000000000000,0.169703179533156,92.619512663699538,92.789215843232682,28979.000000000000000,11.786926702974057,7.000000000000000,49.000000000000000,48874.000000000000000,81.799999999999997
99,27,123,02026,02393979,0600000US2712302026,2712302026,Arden Hills,Arden Hills city,MN,Ramsey County,Minnesota,25,0.236219211574926,0.002841834280592,489.000000000000000,17621.000000000000000,24874.000000000000000,1.769367152730036,63.758729239787236,65.528096392517270,18110.000000000000000,108.751078448194605,5.000000000000000,71.000000000000000,10276.000000000000000,83.500000000000000
102,55,109,36250,01583417,0600000US5510936250,5510936250,Hudson,Hudson city,WI,St. Croix County,Wisconsin,25,0.325138419922838,0.002259282333227,4167.000000000000000,12008.000000000000000,19500.000000000000000,18.944353518821604,54.591743953446084,73.536097472267684,16175.000000000000000,926.719312665903772,3.000000000000000,64.000000000000000,13912.000000000000000,93.799999999999997
105,27,037,69700,02397275,0600000US2703769700,2703769700,West St. Paul,West St. Paul city,MN,Dakota County,Minnesota,25,0.159589075942135,0.001478588740431,38.000000000000000,13650.000000000000000,14253.000000000000000,0.263303769401330,94.581485587583146,94.844789356984478,13688.000000000000000,8.451004051188947,14.000000000000000,47.000000000000000,19805.000000000000000,76.700000000000003
106,27,163,39428,02395818,0600000US2716339428,2716339428,Mahtomedi,Mahtomedi city,MN,Washington County,Minnesota,25,0.311840869794614,0.001686510641351,340.000000000000000,7366.000000000000000,10043.000000000000000,2.072286219296641,44.895471445114886,46.967757664411529,7706.000000000000000,75.614246773795841,5.000000000000000,72.000000000000000,8232.000000000000000,93.700000000000003
107,27,053,54214,02396362,0600000US2705354214,2705354214,Richfield,Richfield city,MN,Hennepin County,Minnesota,25,0.204160612220596,0.002040665394123,118.000000000000000,18521.000000000000000,19633.000000000000000,0.592875445912676,93.056323167361711,93.649198613274379,18639.000000000000000,26.242591527376206,11.000000000000000,52.000000000000000,36253.000000000000000,65.400000000000006
108,27,003,06382,02394183,0600000US2700306382,2700306382,Blaine,Blaine city,MN,Anoka County,Minnesota,25,0.535879400686625,0.010086954924650,14122.000000000000000,49684.000000000000000,97098.000000000000000,14.424481374421621,50.748189534539293,65.172670908960910,63806.000000000000000,3140.659979233955710,4.000000000000000,71.000000000000000,65048.000000000000000,77.400000000000006
109,27,037,10306,00663763,0600000US2703710306,2703710306,Castle Rock,Castle Rock township,MN,Dakota County,Minnesota,44,0.475841767368012,0.010372293638038,303.000000000000000,5938.000000000000000,101517.000000000000000,0.298472177073791,5.849266625294286,6.137279968531812,6241.000000000000000,67.385637566059231,1.000000000000000,79.000000000000000,1703.000000000000000,98.900000000000006
113,27,171,15454,02394495,0600000US2717115454,2717115454,Delano,Delano city,MN,Wright County,Minnesota,25,0.359405010684144,0.001312849899029,1848.000000000000000,5111.000000000000000,12743.000000000000000,14.471417384494911,40.023492560689114,54.494909945184020,6959.000000000000000,410.985670699925663,4.000000000000000,70.000000000000000,6167.000000000000000,96.000000000000000
114,55,109,74700,01584175,0600000US5510974700,5510974700,Somerset,Somerset town,WI,St. Croix County,Wisconsin,43,0.855360213024740,0.014223804872222,1417.000000000000000,10827.000000000000000,131703.000000000000000,1.025882352941176,7.838552036199095,8.864434389140271,12244.000000000000000,315.133493171966791,1.000000000000000,89.000000000000000,4291.000000000000000,96.900000000000006
115,55,109,70825,01584089,0600000US5510970825,5510970825,St. Joseph,St. Joseph town,WI,St. Croix County,Wisconsin,43,0.464128903357014,0.010208553324638,989.000000000000000,9940.000000000000000,92666.000000000000000,0.995811349631479,10.008457851705668,11.004269201337145,10929.000000000000000,219.948500174364966,0.000000000000000,79.000000000000000,4100.000000000000000,98.000000000000000
120,27,053,43000,02395345,0600000US2705343000,2705343000,Minneapolis,Minneapolis city,MN,Hennepin County,Minnesota,25,0.625572907771562,0.016984089050962,674.000000000000000,150965.000000000000000,155496.000000000000000,0.407371366749068,91.244537657675082,91.651909024424157,151639.000000000000000,149.894124486877644,16.000000000000000,41.000000000000000,424536.000000000000000,62.899999999999999
121,27,019,58486,00665551,0600000US2701958486,2701958486,San Francisco,San Francisco township,MN,Carver County,Minnesota,44,0.483635302407062,0.007079214085974,58.000000000000000,3571.000000000000000,66455.000000000000000,0.083702538495952,5.153478706362836,5.237181244858788,3629.000000000000000,12.898900920235761,2.000000000000000,92.000000000000000,918.000000000000000,96.099999999999994
122,27,123,40382,02395846,0600000US2712340382,2712340382,Maplewood,Maplewood city,MN,Ramsey County,Minnesota,25,0.605480369676714,0.005330846023481,513.000000000000000,41254.000000000000000,49962.000000000000000,0.988420261651991,79.485944394134989,80.474364655786985,41767.000000000000000,114.088554691050788,8.000000000000000,63.000000000000000,40684.000000000000000,64.700000000000003
123,27,053,56770,02396475,0600000US2705356770,2705356770,St. Bonifacius,St. Bonifacius city,MN,Hennepin County,Minnesota,25,0.092710272669784,0.000308736586240,817.000000000000000,1476.000000000000000,3013.000000000000000,27.115831397278463,48.987719880517758,76.103551277796214,2293.000000000000000,181.696587100562368,1.000000000000000,80.000000000000000,2017.000000000000000,98.299999999999997
124,27,003,05554,02394156,0600000US2700305554,2700305554,Bethel,Bethel city,MN,Anoka County,Minnesota,25,0.077341889162402,0.000308550314646,5.000000000000000,723.000000000000000,2842.000000000000000,0.166944908180300,24.140233722871450,24.307178631051755,728.000000000000000,1.111974217261704,1.000000000000000,86.000000000000000,443.000000000000000,93.500000000000000
126,27,163,34244,02395589,0600000US2716334244,2716334244,Lake Elmo,Lake Elmo city,MN,Washington County,Minnesota,25,0.386005883339801,0.007152606363889,7038.000000000000000,13953.000000000000000,63949.000000000000000,10.103359173126615,20.030146425495264,30.133505598621880,20991.000000000000000,1565.214908217574020,4.000000000000000,81.000000000000000,9071.000000000000000,93.000000000000000
127,27,053,07966,02393429,0600000US2705307966,2705307966,Brooklyn Park,Brooklyn Park city,MN,Hennepin County,Minnesota,25,0.453106102503454,0.007862330187896,8879.000000000000000,56283.000000000000000,75056.000000000000000,11.622488382747562,73.673669742784213,85.296158125531775,65162.000000000000000,1974.643815013333096,7.000000000000000,64.000000000000000,80173.000000000000000,41.899999999999999
128,27,053,44476,02395111,0600000US2705344476,2705344476,Mound,Mound city,MN,Hennepin County,Minnesota,25,0.198279497764866,0.001499268712547,217.000000000000000,7195.000000000000000,8360.000000000000000,1.484065107372452,49.206674873478320,50.690739980850772,7412.000000000000000,48.259681029157932,8.000000000000000,60.000000000000000,9498.000000000000000,92.799999999999997
130,27,139,18662,02394658,0600000US2713918662,2713918662,Elko New Market,Elko New Market city,MN,Scott County,Minnesota,25,0.271824107019295,0.001021816510692,3050.000000000000000,1873.000000000000000,9809.000000000000000,30.487804878048781,18.722510995601759,49.210315873650536,4923.000000000000000,678.304272529639206,0.000000000000000,95.000000000000000,4715.000000000000000,95.599999999999994
134,27,053,43252,02395350,0600000US2705343252,2705343252,Minnetonka,Minnetonka city,MN,Hennepin County,Minnesota,25,0.576065824970339,0.008250040356961,293.000000000000000,67982.000000000000000,77769.000000000000000,0.364455058835236,84.561036893300496,84.925491952135729,68275.000000000000000,65.161689131535823,5.000000000000000,62.000000000000000,53760.000000000000000,85.099999999999994
143,27,003,37322,02395725,0600000US2700337322,2700337322,Lino Lakes,Lino Lakes city,MN,Anoka County,Minnesota,25,0.571634120465053,0.009845522241941,5129.000000000000000,21719.000000000000000,82283.000000000000000,5.366746887098462,22.725750758606260,28.092497645704718,26848.000000000000000,1140.663152067055535,4.000000000000000,80.000000000000000,21748.000000000000000,90.099999999999994
144,27,163,15688,00663965,0600000US2716315688,2716315688,Denmark,Denmark township,MN,Washington County,Minnesota,44,0.466907715152149,0.009005277882494,905.000000000000000,7011.000000000000000,81903.000000000000000,1.028876762164620,7.970668485675307,8.999545247839928,7916.000000000000000,201.267333324368337,0.000000000000000,87.000000000000000,1772.000000000000000,96.400000000000006
146,27,019,67036,02397135,0600000US2701967036,2701967036,Victoria,Victoria city,MN,Carver County,Minnesota,25,0.286935444159978,0.003158655597315,4130.000000000000000,6529.000000000000000,25169.000000000000000,13.385622609710248,21.160951578401505,34.546574188111748,10659.000000000000000,918.490703458167104,1.000000000000000,76.000000000000000,9787.000000000000000,93.099999999999994
147,27,053,65164,02397036,0600000US2705365164,2705365164,Tonka Bay,Tonka Bay city,MN,Hennepin County,Minnesota,25,0.111929069597554,0.000621254148375,60.000000000000000,2185.000000000000000,2662.000000000000000,0.993871128043730,36.193473579592514,37.187344707636242,2245.000000000000000,13.343690607140443,1.000000000000000,83.000000000000000,1466.000000000000000,91.299999999999997
150,27,053,06616,02394198,0600000US2705306616,2705306616,Bloomington,Bloomington city,MN,Hennepin County,Minnesota,25,0.520573918699962,0.011318409594327,233.000000000000000,79921.000000000000000,101786.000000000000000,0.210829201201636,72.316225704875308,72.527054906076955,80154.000000000000000,51.817998524395385,6.000000000000000,59.000000000000000,85226.000000000000000,71.400000000000006
151,27,053,14158,02393683,0600000US2705314158,2705314158,Crystal,Crystal city,MN,Hennepin County,Minnesota,25,0.352236451115194,0.001737438160122,7.000000000000000,16085.000000000000000,16622.000000000000000,0.041434828933349,95.211317627560078,95.252752456493425,16092.000000000000000,1.556763904166385,5.000000000000000,61.000000000000000,22937.000000000000000,73.500000000000000
152,27,053,15148,02394486,0600000US2705315148,2705315148,Deephaven,Deephaven city,MN,Hennepin County,Minnesota,25,0.176269717215720,0.001153722279092,13.000000000000000,6188.000000000000000,6733.000000000000000,0.115730437104959,55.087688061960293,55.203418499065251,6201.000000000000000,2.891132964880429,4.000000000000000,79.000000000000000,3904.000000000000000,96.599999999999994
153,27,053,18188,02394621,0600000US2705318188,2705318188,Edina,Edina city,MN,Hennepin County,Minnesota,25,0.310620211412366,0.004707583763590,145.000000000000000,42636.000000000000000,44710.000000000000000,0.315794058715916,92.856520602839964,93.172314661555887,42781.000000000000000,32.247252300589402,6.000000000000000,59.000000000000000,52215.000000000000000,85.599999999999994
154,27,053,25622,02394988,0600000US2705325622,2705325622,Greenfield,Greenfield city,MN,Hennepin County,Minnesota,25,0.431755441043361,0.006369013302723,852.000000000000000,5800.000000000000000,58839.000000000000000,1.376546999709180,9.370859857175171,10.747406856884350,6652.000000000000000,189.480406621394280,2.000000000000000,90.000000000000000,3013.000000000000000,95.799999999999997
155,27,053,30842,02395420,0600000US2705330842,2705330842,Independence,Independence city,MN,Hennepin County,Minnesota,25,0.496507390525091,0.010223305639135,1472.000000000000000,9825.000000000000000,93205.000000000000000,1.479694410936872,9.876357056694813,11.356051467631685,11297.000000000000000,327.365209561845518,1.000000000000000,87.000000000000000,3778.000000000000000,96.500000000000000
156,27,053,40166,02395838,0600000US2705340166,2705340166,Maple Grove,Maple Grove city,MN,Hennepin County,Minnesota,25,0.453809866771194,0.010383272209648,13969.000000000000000,51648.000000000000000,93796.000000000000000,13.847007860746821,51.196954827965627,65.043962688712440,65617.000000000000000,3106.633568185747663,2.000000000000000,74.000000000000000,71569.000000000000000,83.500000000000000
157,27,053,40256,02395841,0600000US2705340256,2705340256,Maple Plain,Maple Plain city,MN,Hennepin County,Minnesota,25,0.098207883291232,0.000315979072285,86.000000000000000,2158.000000000000000,3069.000000000000000,2.794022092267706,70.110461338531522,72.904483430799218,2244.000000000000000,19.125956536901302,10.000000000000000,57.000000000000000,1737.000000000000000,85.400000000000006
158,27,053,41480,02395084,0600000US2705341480,2705341480,Medina,Medina city,MN,Hennepin County,Minnesota,25,0.416186659023966,0.008024275563090,3212.000000000000000,11876.000000000000000,73178.000000000000000,4.112465430707775,15.205367202704087,19.317832633411861,15088.000000000000000,714.332237168918368,2.000000000000000,83.000000000000000,6549.000000000000000,84.299999999999997
159,27,053,49012,02396098,0600000US2705349012,2705349012,Osseo,Osseo city,MN,Hennepin County,Minnesota,25,0.074154552711186,0.000217864015400,4.000000000000000,2131.000000000000000,2138.000000000000000,0.187090739008419,99.672591206735262,99.859681945743688,2135.000000000000000,0.889579373809363,9.000000000000000,47.000000000000000,2738.000000000000000,85.900000000000006
160,27,053,51730,02396242,0600000US2705351730,2705351730,Plymouth,Plymouth city,MN,Hennepin County,Minnesota,25,0.472223446693098,0.010436275800134,6779.000000000000000,74265.000000000000000,94178.000000000000000,6.674017701554547,73.114902582379173,86.054067829004651,81044.000000000000000,1507.614643763417689,3.000000000000000,68.000000000000000,78879.000000000000000,77.700000000000003
161,27,053,55186,02396415,0600000US2705355186,2705355186,Rogers,Rogers city,MN,Hennepin County,Minnesota,25,0.451819652595826,0.007789462003151,5741.000000000000000,18238.000000000000000,73383.000000000000000,7.593814896628351,24.124019523551276,31.717834420179624,23979.000000000000000,1276.768796259887949,6.000000000000000,82.000000000000000,13183.000000000000000,96.900000000000006
162,27,053,62014,02395935,0600000US2705362014,2705362014,Spring Park,Spring Park city,MN,Hennepin County,Minnesota,25,0.073723428789530,0.000174537767196,5.000000000000000,1025.000000000000000,1069.000000000000000,0.294117647058824,60.294117647058819,60.588235294117645,1030.000000000000000,1.111974217261704,14.000000000000000,31.000000000000000,2136.000000000000000,85.000000000000000
163,27,053,68818,02397235,0600000US2705368818,2705368818,Wayzata,Wayzata city,MN,Hennepin County,Minnesota,25,0.252728896261460,0.001385857711316,161.000000000000000,7585.000000000000000,8965.000000000000000,1.193388184715736,56.222666963160627,57.416055147876364,7746.000000000000000,35.805569795826855,7.000000000000000,52.000000000000000,4591.000000000000000,92.599999999999994
164,27,003,01486,02393954,0600000US2700301486,2700301486,Andover,Andover city,MN,Anoka County,Minnesota,25,0.500952074710868,0.010339839022694,5145.000000000000000,32943.000000000000000,98141.000000000000000,5.132937596647878,32.865765451189702,37.998703047837587,38088.000000000000000,1144.221469562292896,2.000000000000000,85.000000000000000,33019.000000000000000,90.200000000000003
165,27,003,01720,02393964,0600000US2700301720,2700301720,Anoka,Anoka city,MN,Anoka County,Minnesota,25,0.260743448031518,0.002127857174991,391.000000000000000,16166.000000000000000,19194.000000000000000,1.895206243032330,78.357811061024677,80.253017304057011,16557.000000000000000,86.956383789865214,10.000000000000000,53.000000000000000,17512.000000000000000,82.500000000000000
166,27,003,26738,02394273,0600000US2700326738,2700326738,Ham Lake,Ham Lake city,MN,Anoka County,Minnesota,25,0.419365838773891,0.010648208171092,4324.000000000000000,23401.000000000000000,99398.000000000000000,4.189272980933189,22.671872577894899,26.861145558828088,27725.000000000000000,961.635303087921216,2.000000000000000,84.000000000000000,16630.000000000000000,90.599999999999994
167,27,163,13456,02393644,0600000US2716313456,2716313456,Cottage Grove,Cottage Grove city,MN,Washington County,Minnesota,25,0.531697383007259,0.011054208574240,7352.000000000000000,30885.000000000000000,96260.000000000000000,6.809740374017024,28.607022776321518,35.416763150338539,38237.000000000000000,1635.046889061608908,2.000000000000000,78.000000000000000,37120.000000000000000,83.799999999999997
168,27,163,25334,02394963,0600000US2716325334,2716325334,Grant,Grant city,MN,Washington County,Minnesota,25,0.470061053668817,0.007842009734272,1560.000000000000000,10114.000000000000000,72617.000000000000000,2.046545798021672,13.268438590507175,15.314984388528849,11674.000000000000000,346.935955785651515,7.000000000000000,82.000000000000000,4106.000000000000000,95.400000000000006
170,27,019,10144,02393762,0600000US2701910144,2701910144,Carver,Carver city,MN,Carver County,Minnesota,25,0.348043225708959,0.004066986973931,2801.000000000000000,3309.000000000000000,38636.000000000000000,7.043705678217573,8.321178896544787,15.364884574762360,6110.000000000000000,622.927956510006311,3.000000000000000,85.000000000000000,5438.000000000000000,92.799999999999997
171,27,163,25982,00664354,0600000US2716325982,2716325982,Grey Cloud Island,Grey Cloud Island township,MN,Washington County,Minnesota,44,0.155523049632481,0.000785967314531,29.000000000000000,564.000000000000000,5902.000000000000000,0.377604166666667,7.343750000000000,7.721354166666666,593.000000000000000,6.449450460117880,0.000000000000000,77.000000000000000,288.000000000000000,94.099999999999994
172,27,163,34658,02395610,0600000US2716334658,2716334658,Lakeland Shores,Lakeland Shores city,MN,Washington County,Minnesota,25,0.062298160316945,0.000220578662748,0.000000000000000,696.000000000000000,948.000000000000000,0.000000000000000,32.387156817124243,32.387156817124243,696.000000000000000,0.000000000000000,2.000000000000000,90.000000000000000,355.000000000000000,99.700000000000003
173,27,163,41120,00664932,0600000US2716341120,2716341120,May,May township,MN,Washington County,Minnesota,44,0.471820171994115,0.011276769769535,372.000000000000000,7043.000000000000000,98062.000000000000000,0.339828441448108,6.433902454621028,6.773730896069136,7415.000000000000000,82.730881764270748,0.000000000000000,89.000000000000000,2918.000000000000000,93.900000000000006
174,27,163,58018,02396516,0600000US2716358018,2716358018,St. Paul Park,St. Paul Park city,MN,Washington County,Minnesota,25,0.152204925666955,0.001058217312943,129.000000000000000,5956.000000000000000,9176.000000000000000,1.249031758326878,57.668474051123162,58.917505809450041,6085.000000000000000,28.688934805351952,2.000000000000000,71.000000000000000,5404.000000000000000,82.700000000000003
175,27,019,10972,02393809,0600000US2701910972,2701910972,Chaska,Chaska city,MN,Carver County,Minnesota,25,0.380347556765268,0.005260552445813,6397.000000000000000,22419.000000000000000,48722.000000000000000,12.462254777814575,43.675361867097855,56.137616644912434,28816.000000000000000,1422.659813564623619,8.000000000000000,64.000000000000000,26753.000000000000000,87.900000000000006
178,27,019,67432,02397159,0600000US2701967432,2701967432,Waconia,Waconia city,MN,Carver County,Minnesota,25,0.421336584246735,0.001539281248318,3477.000000000000000,7331.000000000000000,14806.000000000000000,23.127577491020354,48.762804310230145,71.890381801250498,10808.000000000000000,773.266870683788625,6.000000000000000,73.000000000000000,12281.000000000000000,96.900000000000006
179,27,019,67450,00665887,0600000US2701967450,2701967450,Waconia,Waconia township,MN,Carver County,Minnesota,44,0.713661137018169,0.009062119312920,255.000000000000000,4591.000000000000000,73205.000000000000000,0.288353895039182,5.191500910293668,5.479854805332851,4846.000000000000000,56.710685080346884,1.000000000000000,95.000000000000000,1080.000000000000000,98.900000000000006
180,27,019,68548,02397211,0600000US2701968548,2701968548,Watertown,Watertown city,MN,Carver County,Minnesota,25,0.283038924819615,0.000785372157639,913.000000000000000,3406.000000000000000,7622.000000000000000,11.926845199216199,44.493794905290663,56.420640104506859,4319.000000000000000,203.046492071987075,5.000000000000000,77.000000000000000,4473.000000000000000,96.799999999999997
181,27,019,68566,00665931,0600000US2701968566,2701968566,Watertown,Watertown township,MN,Carver County,Minnesota,44,0.703111107819185,0.009765092266341,321.000000000000000,5585.000000000000000,89389.000000000000000,0.337216753684697,5.867151306320975,6.204368060005673,5906.000000000000000,71.388744748201376,1.000000000000000,87.000000000000000,1164.000000000000000,97.299999999999997
182,27,003,53026,02396311,0600000US2700353026,2700353026,Ramsey,Ramsey city,MN,Anoka County,Minnesota,25,0.512527172376863,0.008859483434616,5341.000000000000000,32613.000000000000000,83237.000000000000000,6.221316249271986,37.988351776354108,44.209668025626094,37954.000000000000000,1187.810858878951649,1.000000000000000,80.000000000000000,27201.000000000000000,87.700000000000003
196,27,123,20420,02394738,0600000US2712320420,2712320420,Falcon Heights,Falcon Heights city,MN,Ramsey County,Minnesota,25,0.124905788183291,0.000662052545686,55.000000000000000,5376.000000000000000,6446.000000000000000,0.853242320819113,83.400558485882712,84.253800806701832,5431.000000000000000,12.231716389878740,10.000000000000000,45.000000000000000,5586.000000000000000,73.500000000000000
197,27,123,37502,02395733,0600000US2712337502,2712337502,Little Canada,Little Canada city,MN,Ramsey County,Minnesota,25,0.174171966505968,0.001325996342628,113.000000000000000,10183.000000000000000,11336.000000000000000,0.876308646762311,78.968592477704533,79.844901124466844,10296.000000000000000,25.130617310114502,12.000000000000000,50.000000000000000,10423.000000000000000,68.400000000000006
198,27,123,55852,02396435,0600000US2712355852,2712355852,Roseville,Roseville city,MN,Ramsey County,Minnesota,25,0.291717170369947,0.004093552002872,46.000000000000000,36300.000000000000000,37798.000000000000000,0.115444461175526,91.100737840686634,91.216182301862176,36346.000000000000000,10.230162798807672,7.000000000000000,57.000000000000000,36139.000000000000000,74.799999999999997
199,27,123,59998,02395876,0600000US2712359998,2712359998,Shoreview,Shoreview city,MN,Ramsey County,Minnesota,25,0.380672268128148,0.003747226069298,177.000000000000000,24974.000000000000000,31676.000000000000000,0.486050087873462,68.579745166959583,69.065795254833034,25151.000000000000000,39.363887291064309,3.000000000000000,64.000000000000000,26922.000000000000000,84.900000000000006
200,27,123,69970,02397299,0600000US2712369970,2712369970,White Bear Lake,White Bear Lake city,MN,Ramsey County,Minnesota,25,0.414542495384025,0.002565514030036,166.000000000000000,21541.000000000000000,23256.000000000000000,0.664451827242525,86.222631389344755,86.887083216587286,21707.000000000000000,36.917544013088559,5.000000000000000,62.000000000000000,25345.000000000000000,89.900000000000006
201,27,037,08794,02393472,0600000US2703708794,2703708794,Burnsville,Burnsville city,MN,Dakota County,Minnesota,25,0.400396884084716,0.007941378328296,945.000000000000000,54996.000000000000000,71809.000000000000000,1.217375621570093,70.847396490866458,72.064772112436557,55941.000000000000000,210.163127062461967,6.000000000000000,60.000000000000000,61536.000000000000000,70.599999999999994
202,27,037,17288,02394586,0600000US2703717288,2703717288,Eagan,Eagan city,MN,Dakota County,Minnesota,25,0.406629834881151,0.009858069235787,2813.000000000000000,69177.000000000000000,91185.000000000000000,2.921808134945366,71.852798205160155,74.774606340105535,71990.000000000000000,625.596694631434389,3.000000000000000,62.000000000000000,66377.000000000000000,75.700000000000003
204,27,037,37016,02395708,0600000US2703737016,2703737016,Lilydale,Lilydale city,MN,Dakota County,Minnesota,25,0.132732263949287,0.000261616677137,52.000000000000000,678.000000000000000,1653.000000000000000,2.040015692428403,26.598666143585721,28.638681836014122,730.000000000000000,11.564531859521717,11.000000000000000,27.000000000000000,892.000000000000000,81.799999999999997
205,27,037,41696,02395097,0600000US2703741696,2703741696,Mendota Heights,Mendota Heights city,MN,Dakota County,Minnesota,25,0.322285105172020,0.002960295329528,368.000000000000000,21186.000000000000000,26644.000000000000000,1.273620820931681,73.323181283311413,74.596802104243096,21554.000000000000000,81.841302390461379,2.000000000000000,72.000000000000000,11339.000000000000000,85.500000000000000
208,27,037,55726,02396433,0600000US2703755726,2703755726,Rosemount,Rosemount city,MN,Dakota County,Minnesota,25,0.512805113584812,0.010364912999885,9201.000000000000000,23727.000000000000000,96615.000000000000000,9.076918523779929,23.407025955192516,32.483944478972447,32928.000000000000000,2046.254954604987006,2.000000000000000,78.000000000000000,24792.000000000000000,86.200000000000003
210,27,037,61492,02395918,0600000US2703761492,2703761492,South St. Paul,South St. Paul city,MN,Dakota County,Minnesota,25,0.245211274679671,0.001788394533453,193.000000000000000,15145.000000000000000,16459.000000000000000,1.105573695365756,86.756029100074471,87.861602795440220,15338.000000000000000,42.922204786301755,7.000000000000000,59.000000000000000,20132.000000000000000,77.799999999999997
215,27,139,13726,00663886,0600000US2713913726,2713913726,Credit River,Credit River township,MN,Scott County,Minnesota,44,0.345715271952500,0.006975794724881,4435.000000000000000,7578.000000000000000,66325.000000000000000,6.493886814554505,11.095980672084339,17.589867486638848,12013.000000000000000,986.321130711131104,1.000000000000000,86.000000000000000,5586.000000000000000,97.900000000000006
217,27,139,52594,02396284,0600000US2713952594,2713952594,Prior Lake,Prior Lake city,MN,Scott County,Minnesota,25,0.519731556515315,0.005755648593000,7582.000000000000000,21095.000000000000000,45916.000000000000000,13.465466105457580,37.464258440336010,50.929724545793597,28677.000000000000000,1686.197703055647253,4.000000000000000,72.000000000000000,26775.000000000000000,88.700000000000003
218,27,139,59350,02395854,0600000US2713959350,2713959350,Shakopee,Shakopee city,MN,Scott County,Minnesota,25,0.574297396121445,0.008755812795008,14370.000000000000000,33978.000000000000000,80741.000000000000000,16.795231416549790,39.712482468443199,56.507713884992981,48348.000000000000000,3195.813900410136284,4.000000000000000,72.000000000000000,41423.000000000000000,69.799999999999997
227,27,171,49138,02396105,0600000US2717149138,2717149138,Otsego,Otsego city,MN,Wright County,Minnesota,25,0.563007005184717,0.009069147628672,12462.000000000000000,14172.000000000000000,84856.000000000000000,14.181507823613087,16.127453769559033,30.308961593172118,26634.000000000000000,2771.484539103069892,1.000000000000000,81.000000000000000,17429.000000000000000,93.799999999999997
228,27,171,57346,02396509,0600000US2717157346,2717157346,St. Michael,St. Michael city,MN,Wright County,Minnesota,25,0.675713275646374,0.010782572053020,8525.000000000000000,14790.000000000000000,91517.000000000000000,8.149861858646501,14.139173828666483,22.289035687312982,23315.000000000000000,1895.916040431204692,3.000000000000000,84.000000000000000,17871.000000000000000,89.700000000000003
241,27,171,55006,02396406,0600000US2717155006,2717155006,Rockford,Rockford city,MN,Wright County,Minnesota,25,0.254332047379158,0.000680560779440,1141.000000000000000,3029.000000000000000,7304.000000000000000,15.241784664707453,40.462196099385523,55.703980764092975,4170.000000000000000,253.752516379120749,0.000000000000000,68.000000000000000,4055.000000000000000,98.099999999999994
242,27,053,54808,02396388,0600000US2705354808,2705354808,Robbinsdale,Robbinsdale city,MN,Hennepin County,Minnesota,25,0.145923622179594,0.000885812069418,54.000000000000000,7781.000000000000000,8006.000000000000000,0.626886463895983,90.329695843974918,90.956582307870903,7835.000000000000000,12.009321546426399,18.000000000000000,51.000000000000000,14393.000000000000000,67.299999999999997
244,27,003,61996,02395934,0600000US2700361996,2700361996,Spring Lake Park,Spring Lake Park city,MN,Anoka County,Minnesota,25,0.114661253702378,0.000618756805665,0.000000000000000,5694.000000000000000,5784.000000000000000,0.000000000000000,94.474863115978110,94.474863115978110,5694.000000000000000,0.000000000000000,5.000000000000000,63.000000000000000,6551.000000000000000,71.400000000000006
248,27,163,58900,02396548,0600000US2716358900,2716358900,Scandia,Scandia city,MN,Washington County,Minnesota,25,0.487047227710533,0.011847431751837,382.000000000000000,9360.000000000000000,101144.000000000000000,0.332633815449186,8.150399247655454,8.483033063104640,9742.000000000000000,84.954830198794156,9.000000000000000,80.000000000000000,4135.000000000000000,98.099999999999994
251,55,109,36275,01583418,0600000US5510936275,5510936275,Hudson,Hudson town,WI,St. Croix County,Wisconsin,43,0.538761711210720,0.007415027271355,5151.000000000000000,13148.000000000000000,70275.000000000000000,7.131978289765176,18.204474966770050,25.336453256535226,18299.000000000000000,1145.555838623007048,2.000000000000000,92.000000000000000,8757.000000000000000,95.799999999999997
255,55,109,74675,01584174,0600000US5510974675,5510974675,Somerset,Somerset village,WI,St. Croix County,Wisconsin,47,0.266773356821317,0.000985093565803,1622.000000000000000,2440.000000000000000,9566.000000000000000,16.931106471816285,25.469728601252612,42.400835073068890,4062.000000000000000,360.724436079696659,3.000000000000000,69.000000000000000,2842.000000000000000,90.000000000000000
257,27,123,23318,02394871,0600000US2712323318,2712323318,Gem Lake,Gem Lake city,MN,Ramsey County,Minnesota,25,0.081650642013945,0.000328262174608,98.000000000000000,1971.000000000000000,3057.000000000000000,3.064415259537211,61.632270168855527,64.696685428392740,2069.000000000000000,21.794694658329391,1.000000000000000,84.000000000000000,528.000000000000000,95.599999999999994
259,27,163,34865,02395599,0600000US2716334865,2716334865,Lake St. Croix Beach,Lake St. Croix Beach city,MN,Washington County,Minnesota,25,0.075868934124510,0.000295363745484,60.000000000000000,1400.000000000000000,1650.000000000000000,2.079722703639515,48.526863084922013,50.606585788561517,1460.000000000000000,13.343690607140443,1.000000000000000,83.000000000000000,1091.000000000000000,92.299999999999997
268,27,053,60016,02395877,0600000US2705360016,2705360016,Shorewood,Shorewood city,MN,Hennepin County,Minnesota,25,0.424661283191548,0.002411825003293,156.000000000000000,11432.000000000000000,15273.000000000000000,0.662701784197111,48.564146134239593,49.226847918436704,11588.000000000000000,34.693595578565152,2.000000000000000,83.000000000000000,7939.000000000000000,94.200000000000003
269,27,037,46330,00665126,0600000US2703746330,2703746330,Nininger,Nininger township,MN,Dakota County,Minnesota,44,0.357839265089142,0.005125352898475,751.000000000000000,4034.000000000000000,38015.000000000000000,1.498523425652486,8.049325564689919,9.547848990342406,4785.000000000000000,167.018527432707884,2.000000000000000,88.000000000000000,884.000000000000000,98.900000000000006
270,27,163,04114,02394090,0600000US2716304114,2716304114,Bayport,Bayport city,MN,Washington County,Minnesota,25,0.141463332007783,0.000788944663727,443.000000000000000,3158.000000000000000,5158.000000000000000,5.747275557861962,40.970420342501299,46.717695900363260,3601.000000000000000,98.520915649386936,10.000000000000000,61.000000000000000,3758.000000000000000,74.099999999999994
272,27,037,20618,02394747,0600000US2703720618,2703720618,Farmington,Farmington city,MN,Dakota County,Minnesota,25,0.483189542615428,0.004371060684974,6215.000000000000000,11712.000000000000000,42632.000000000000000,14.508146972314300,27.340211961342732,41.848358933657032,17927.000000000000000,1382.183952056297585,2.000000000000000,74.000000000000000,22996.000000000000000,88.400000000000006
273,27,123,45430,02395187,0600000US2712345430,2712345430,New Brighton,New Brighton city,MN,Ramsey County,Minnesota,25,0.205806050977471,0.002096263428211,64.000000000000000,17429.000000000000000,18924.000000000000000,0.313940939860689,85.494947512999119,85.808888452859804,17493.000000000000000,14.233269980949805,5.000000000000000,65.000000000000000,22663.000000000000000,75.299999999999997
274,27,053,21965,00664202,0600000US2705321965,2705321965,Fort Snelling,Fort Snelling UT,MN,Hennepin County,Minnesota,46,0.265247030119130,0.002291654917877,179.000000000000000,18912.000000000000000,21333.000000000000000,0.800035755787968,84.526682756771251,85.326718512559225,19091.000000000000000,39.808676977968986,49.000000000000000,2.000000000000000,223.000000000000000,74.000000000000000
276,27,139,32174,02395483,0600000US2713932174,2713932174,Jordan,Jordan city,MN,Scott County,Minnesota,25,0.232616073071625,0.000961153423095,1829.000000000000000,4501.000000000000000,8995.000000000000000,19.484393309896667,47.949291573452648,67.433684883349315,6330.000000000000000,406.760168674331169,4.000000000000000,71.000000000000000,6289.000000000000000,90.700000000000003
278,27,053,20078,02394717,0600000US2705320078,2705320078,Excelsior,Excelsior city,MN,Hennepin County,Minnesota,25,0.076526756874038,0.000257416792319,2.000000000000000,1822.000000000000000,1801.000000000000000,0.079713033080909,72.618573136707852,72.698286169788759,1824.000000000000000,0.444789686904681,6.000000000000000,62.000000000000000,2414.000000000000000,93.900000000000006
279,27,003,56950,02396487,0600000US2700356950,2700356950,St. Francis,St. Francis city,MN,Anoka County,Minnesota,25,0.608300675919936,0.006978392026535,2302.000000000000000,7524.000000000000000,66390.000000000000000,3.409562177854138,11.144025119971563,14.553587297825702,9826.000000000000000,511.952929627288313,1.000000000000000,77.000000000000000,7793.000000000000000,94.200000000000003
282,27,037,27530,02394320,0600000US2703727530,2703727530,Hastings,Hastings city,MN,Dakota County,Minnesota,25,0.354907255907423,0.003265139705722,2834.000000000000000,16778.000000000000000,29708.000000000000000,8.874831678827546,52.541258259480784,61.416089938308339,19612.000000000000000,630.266986343933581,5.000000000000000,64.000000000000000,22796.000000000000000,93.599999999999994
283,27,171,00730,02393904,0600000US2717100730,2717100730,Albertville,Albertville city,MN,Wright County,Minnesota,25,0.170603611653921,0.001393752156724,3446.000000000000000,5715.000000000000000,12740.000000000000000,25.467445126006950,42.236346168058532,67.703791294065468,9161.000000000000000,766.372630536766110,2.000000000000000,67.000000000000000,7483.000000000000000,88.500000000000000
284,27,163,70366,02397314,0600000US2716370366,2716370366,Willernie,Willernie city,MN,Washington County,Minnesota,25,0.031103402770616,0.000037347121272,0.000000000000000,339.000000000000000,353.000000000000000,0.000000000000000,92.370572207084464,92.370572207084464,339.000000000000000,0.000000000000000,3.000000000000000,71.000000000000000,498.000000000000000,100.000000000000000
285,27,139,58324,00665541,0600000US2713958324,2713958324,Sand Creek,Sand Creek township,MN,Scott County,Minnesota,44,0.538044509839591,0.009524777808356,272.000000000000000,7045.000000000000000,91545.000000000000000,0.291685880044182,7.554878768056107,7.846564648100289,7317.000000000000000,60.491397419036673,2.000000000000000,81.000000000000000,1288.000000000000000,98.400000000000006
287,27,123,44530,02395118,0600000US2712344530,2712344530,Mounds View,Mounds View city,MN,Ramsey County,Minnesota,25,0.164027299436150,0.001229639727072,105.000000000000000,11301.000000000000000,11826.000000000000000,0.878440558855517,94.545302434535259,95.423742993390775,11406.000000000000000,23.351458562495775,5.000000000000000,60.000000000000000,13193.000000000000000,69.599999999999994
291,27,163,00316,02393887,0600000US2716300316,2716300316,Afton,Afton city,MN,Washington County,Minnesota,25,0.411026475901492,0.007817174190408,764.000000000000000,7415.000000000000000,72476.000000000000000,1.002098635886673,9.725865687303253,10.727964323189926,8179.000000000000000,169.909660397588311,0.000000000000000,78.000000000000000,3008.000000000000000,95.500000000000000
292,27,163,15616,02394503,0600000US2716315616,2716315616,Dellwood,Dellwood city,MN,Washington County,Minnesota,25,0.231101467257663,0.000838573751487,94.000000000000000,3291.000000000000000,7695.000000000000000,1.152101973281039,40.335825468807450,41.487927442088491,3385.000000000000000,20.905115284520026,0.000000000000000,92.000000000000000,1295.000000000000000,94.799999999999997
293,27,163,40562,02395007,0600000US2716340562,2716340562,Marine on St. Croix,Marine on St. Croix city,MN,Washington County,Minnesota,25,0.167938786803004,0.001247463384972,41.000000000000000,1660.000000000000000,11323.000000000000000,0.338619094813347,13.709943838784275,14.048562933597623,1701.000000000000000,9.118188581545969,0.000000000000000,72.000000000000000,671.000000000000000,94.299999999999997
294,27,163,47914,02395285,0600000US2716347914,2716347914,Oak Park Heights,Oak Park Heights city,MN,Washington County,Minnesota,25,0.254564845042845,0.000976396892482,714.000000000000000,5797.000000000000000,8215.000000000000000,7.511045655375552,60.982537344834839,68.493583000210393,6511.000000000000000,158.789918224971274,13.000000000000000,41.000000000000000,4914.000000000000000,90.400000000000006
295,27,163,71428,02397369,0600000US2716371428,2716371428,Woodbury,Woodbury city,MN,Washington County,Minnesota,25,0.444807029851507,0.010545301124928,16556.000000000000000,44994.000000000000000,100075.000000000000000,16.099576992269167,43.753585841396415,59.853162833665586,61550.000000000000000,3681.969028196952877,2.000000000000000,72.000000000000000,71298.000000000000000,78.000000000000000
298,55,093,15575,01582981,0600000US5509315575,5509315575,Clifton,Clifton town,WI,Pierce County,Wisconsin,43,0.472253401987687,0.010413105756514,317.000000000000000,7939.000000000000000,97810.000000000000000,0.311731733700462,7.807060674599272,8.118792408299734,8256.000000000000000,70.499165374392007,1.000000000000000,90.000000000000000,2469.000000000000000,95.599999999999994
300,27,003,36836,02395696,0600000US2700336836,2700336836,Lexington,Lexington city,MN,Anoka County,Minnesota,25,0.097237875258799,0.000203906168717,0.000000000000000,1959.000000000000000,1974.000000000000000,0.000000000000000,99.240121580547111,99.240121580547111,1959.000000000000000,0.000000000000000,10.000000000000000,66.000000000000000,2276.000000000000000,84.500000000000000
302,27,053,25918,02394245,0600000US2705325918,2705325918,Greenwood,Greenwood city,MN,Hennepin County,Minnesota,25,0.076716574959130,0.000303181392484,1.000000000000000,1003.000000000000000,1022.000000000000000,0.033829499323410,33.930987821380242,33.964817320703652,1004.000000000000000,0.222394843452341,1.000000000000000,83.000000000000000,742.000000000000000,97.799999999999997
305,27,053,24308,02394924,0600000US2705324308,2705324308,Golden Valley,Golden Valley city,MN,Hennepin County,Minnesota,25,0.264664678252302,0.003113511630509,104.000000000000000,28145.000000000000000,29432.000000000000000,0.342928743363999,92.805091172882243,93.148019916246255,28249.000000000000000,23.129063719043433,6.000000000000000,61.000000000000000,21611.000000000000000,86.099999999999994
308,27,053,10846,02393797,0600000US2705310846,2705310846,Champlin,Champlin city,MN,Hennepin County,Minnesota,25,0.267803646664905,0.002582200586036,1428.000000000000000,17313.000000000000000,23289.000000000000000,5.696505505026328,69.064145524174251,74.760651029200574,18741.000000000000000,317.579836449942547,2.000000000000000,77.000000000000000,24980.000000000000000,85.599999999999994
310,55,109,80800,01584297,0600000US5510980800,5510980800,Troy,Troy town,WI,St. Croix County,Wisconsin,43,0.719805168283971,0.011341728637138,1548.000000000000000,11419.000000000000000,104288.000000000000000,1.399562410719129,10.324033054264687,11.723595464983816,12967.000000000000000,344.267217664223438,0.000000000000000,90.000000000000000,5345.000000000000000,95.700000000000003
312,27,003,17486,02394596,0600000US2700317486,2700317486,East Bethel,East Bethel city,MN,Anoka County,Minnesota,25,0.488794985246793,0.014185397293421,1591.000000000000000,19475.000000000000000,128410.000000000000000,1.159164760225567,14.189021813571918,15.348186573797484,21066.000000000000000,353.830195932674087,2.000000000000000,84.000000000000000,11958.000000000000000,94.500000000000000
313,27,139,38294,00664829,0600000US2713938294,2713938294,Louisville,Louisville township,MN,Scott County,Minnesota,44,0.355388668022569,0.004296362849287,1178.000000000000000,3105.000000000000000,38846.000000000000000,2.802226556924687,7.386174413625766,10.188400970550454,4283.000000000000000,261.981125586857388,0.000000000000000,92.000000000000000,1315.000000000000000,97.599999999999994
314,27,139,58738,02396543,0600000US2713958738,2713958738,Savage,Savage city,MN,Scott County,Minnesota,25,0.341376983773247,0.004836136248940,4957.000000000000000,23470.000000000000000,44759.000000000000000,10.481909877143643,49.628893446956077,60.110803324099727,28427.000000000000000,1102.411238993252937,1.000000000000000,79.000000000000000,31758.000000000000000,78.799999999999997
316,27,171,26990,02394288,0600000US2717126990,2717126990,Hanover,Hanover city,MN,Wright County,Minnesota,25,0.256578999196682,0.001671609174908,2860.000000000000000,2628.000000000000000,15811.000000000000000,17.613006527897525,16.184259145214927,33.797265673112456,5488.000000000000000,636.049252273694492,0.000000000000000,83.000000000000000,2733.000000000000000,98.700000000000003
317,27,123,58000,02396511,0600000US2712358000,2712358000,St. Paul,St. Paul city,MN,Ramsey County,Minnesota,25,0.655250774789533,0.016566263810344,903.000000000000000,137519.000000000000000,151016.000000000000000,0.559406768636051,85.192756828417615,85.752163597053666,138422.000000000000000,200.822543637463667,13.000000000000000,47.000000000000000,305877.000000000000000,55.200000000000003
318,27,123,69916,00665981,0600000US2712369916,2712369916,White Bear,White Bear township,MN,Ramsey County,Minnesota,44,0.580357580243708,0.003228690367025,769.000000000000000,12078.000000000000000,21364.000000000000000,2.454203102061658,38.545988383225890,41.000191485287544,12847.000000000000000,171.021634614850001,1.000000000000000,80.000000000000000,11653.000000000000000,91.700000000000003
326,27,037,12376,02393579,0600000US2703712376,2703712376,Coates,Coates city,MN,Dakota County,Minnesota,25,0.106054808432088,0.000440560982744,308.000000000000000,663.000000000000000,4301.000000000000000,7.161125319693094,15.415019762845850,22.576145082538947,971.000000000000000,68.497611783320934,3.000000000000000,74.000000000000000,142.000000000000000,100.000000000000000
327,27,037,19376,00664099,0600000US2703719376,2703719376,Empire,Empire township,MN,Dakota County,Minnesota,44,0.528609070408138,0.009275429024710,2693.000000000000000,5673.000000000000000,90589.000000000000000,2.966283719034664,6.248691993347065,9.214975712381730,8366.000000000000000,598.909313417153498,0.000000000000000,88.000000000000000,3041.000000000000000,97.099999999999994
328,27,037,31076,02395429,0600000US2703731076,2703731076,Inver Grove Heights,Inver Grove Heights city,MN,Dakota County,Minnesota,25,0.488613576174314,0.008905987887056,4050.000000000000000,40496.000000000000000,81439.000000000000000,4.657260151102218,46.568001747909982,51.225261899012196,44546.000000000000000,900.699115981979844,5.000000000000000,63.000000000000000,35492.000000000000000,84.200000000000003
333,27,123,47104,02395259,0600000US2712347104,2712347104,North Oaks,North Oaks city,MN,Ramsey County,Minnesota,25,0.224951013094304,0.002554740662334,923.000000000000000,7943.000000000000000,20572.000000000000000,3.715033205876434,31.970215335077480,35.685248540953914,8866.000000000000000,205.270440506510482,13.000000000000000,76.000000000000000,5244.000000000000000,91.700000000000003
336,27,053,15022,02394471,0600000US2705315022,2705315022,Dayton,Dayton city,MN,Hennepin County,Minnesota,25,0.366754338151662,0.007465174934302,3008.000000000000000,10780.000000000000000,67216.000000000000000,4.152230029126348,14.880664798531260,19.032894827657607,13788.000000000000000,668.963689104640821,1.000000000000000,81.000000000000000,6258.000000000000000,85.900000000000006
337,27,053,48580,02396081,0600000US2705348580,2705348580,Orono,Orono city,MN,Hennepin County,Minnesota,25,0.654756030409446,0.007082943837338,1883.000000000000000,15848.000000000000000,45975.000000000000000,2.728629599037807,22.965120491530090,25.693750090567896,17731.000000000000000,418.769490220757575,2.000000000000000,83.000000000000000,8217.000000000000000,93.200000000000003
338,27,003,12718,02393610,0600000US2700312718,2700312718,Columbus,Columbus city,MN,Anoka County,Minnesota,25,0.477363133947622,0.014153376747258,1572.000000000000000,10236.000000000000000,129124.000000000000000,1.146006473624355,7.462164290088356,8.608170763712710,11808.000000000000000,349.604693907079593,1.000000000000000,89.000000000000000,4109.000000000000000,92.599999999999994
339,27,037,66820,00665860,0600000US2703766820,2703766820,Vermillion,Vermillion township,MN,Dakota County,Minnesota,44,0.487075022401717,0.010014597924747,209.000000000000000,5650.000000000000000,97904.000000000000000,0.213156552779194,5.762366139724630,5.975522692503825,5859.000000000000000,46.480522281539209,2.000000000000000,86.000000000000000,1350.000000000000000,95.799999999999997
340,27,163,62824,02395969,0600000US2716362824,2716362824,Stillwater,Stillwater city,MN,Washington County,Minnesota,25,0.276450939170797,0.002688252072779,2178.000000000000000,16658.000000000000000,23303.000000000000000,8.332695692095800,63.730966409059612,72.063662101155401,18836.000000000000000,484.375969039198083,4.000000000000000,66.000000000000000,19471.000000000000000,91.299999999999997
344,27,139,61978,00665676,0600000US2713961978,2713961978,Spring Lake,Spring Lake township,MN,Scott County,Minnesota,44,0.555250672063972,0.008397893235751,989.000000000000000,7119.000000000000000,77983.000000000000000,1.202811831095544,8.658056042031523,9.860867873127068,8108.000000000000000,219.948500174364966,5.000000000000000,82.000000000000000,3768.000000000000000,93.200000000000003
346,27,163,45790,02395227,0600000US2716345790,2716345790,Newport,Newport city,MN,Washington County,Minnesota,25,0.174027783030182,0.001139116863840,392.000000000000000,6215.000000000000000,10385.000000000000000,3.528670447385003,55.945629669637228,59.474300117022239,6607.000000000000000,87.178778633317563,8.000000000000000,58.000000000000000,3664.000000000000000,79.599999999999994
352,27,003,22814,02394826,0600000US2700322814,2700322814,Fridley,Fridley city,MN,Anoka County,Minnesota,25,0.330040986498876,0.003222446426580,127.000000000000000,27558.000000000000000,29198.000000000000000,0.405660076021337,88.025042322803202,88.430702398824550,27685.000000000000000,28.244145118447271,6.000000000000000,55.000000000000000,27789.000000000000000,65.599999999999994
354,27,171,55024,00665436,0600000US2717155024,2717155024,Rockford,Rockford township,MN,Wright County,Minnesota,44,0.765953637135065,0.010398093392696,492.000000000000000,8303.000000000000000,94848.000000000000000,0.487148005861618,8.221117668026457,8.708265673888075,8795.000000000000000,109.418262978551638,0.000000000000000,83.000000000000000,3334.000000000000000,98.299999999999997
357,27,139,45754,00665104,0600000US2713945754,2713945754,New Market,New Market township,MN,Scott County,Minnesota,44,0.688827028645696,0.009516263406761,730.000000000000000,8882.000000000000000,92174.000000000000000,0.782170791813993,9.516768456016287,10.298939247830280,9612.000000000000000,162.348235720208720,1.000000000000000,92.000000000000000,3712.000000000000000,96.299999999999997
358,27,053,43306,02395352,0600000US2705343306,2705343306,Minnetrista,Minnetrista city,MN,Hennepin County,Minnesota,25,0.601407660317181,0.009167166992974,4098.000000000000000,8969.000000000000000,75287.000000000000000,4.587741393786734,10.040862020710888,14.628603414497620,13067.000000000000000,911.374068467692268,0.000000000000000,87.000000000000000,7989.000000000000000,95.700000000000003
359,27,163,62842,00665712,0600000US2716362842,2716362842,Stillwater,Stillwater township,MN,Washington County,Minnesota,44,0.342719616485140,0.004726304694809,254.000000000000000,4489.000000000000000,42267.000000000000000,0.552931188366676,9.772079151881925,10.325010340248602,4743.000000000000000,56.488290236894542,0.000000000000000,92.000000000000000,1728.000000000000000,96.799999999999997
360,27,003,13114,02393628,0600000US2700313114,2700313114,Coon Rapids,Coon Rapids city,MN,Anoka County,Minnesota,25,0.381496476718123,0.006919376025629,2455.000000000000000,53639.000000000000000,64878.000000000000000,3.654579016315350,79.848457782541388,83.503036798856726,56094.000000000000000,545.979340675496474,5.000000000000000,63.000000000000000,62706.000000000000000,82.200000000000003
361,27,053,07948,02393428,0600000US2705307948,2705307948,Brooklyn Center,Brooklyn Center city,MN,Hennepin County,Minnesota,25,0.239337251297692,0.002480437085109,46.000000000000000,21553.000000000000000,23121.000000000000000,0.190705194643671,89.353675220762000,89.544380415405669,21599.000000000000000,10.230162798807672,9.000000000000000,56.000000000000000,30755.000000000000000,41.200000000000003
362,27,053,18116,02394614,0600000US2705318116,2705318116,Eden Prairie,Eden Prairie city,MN,Hennepin County,Minnesota,25,0.467269904549690,0.010396376434397,3637.000000000000000,65753.000000000000000,92401.000000000000000,3.583674917231594,64.788940564401699,68.372615481633289,69390.000000000000000,808.850045636163145,2.000000000000000,68.000000000000000,64481.000000000000000,73.099999999999994
363,27,053,45628,02395201,0600000US2705345628,2705345628,New Hope,New Hope city,MN,Hennepin County,Minnesota,25,0.305458825367712,0.001510092016009,92.000000000000000,14183.000000000000000,14596.000000000000000,0.625509926570574,96.430514005983142,97.056023932553714,14275.000000000000000,20.460325597615345,11.000000000000000,52.000000000000000,20913.000000000000000,65.900000000000006
365,27,141,18674,02394650,0600000US2714118674,2714118674,Elk River,Elk River city,MN,Sherburne County,Minnesota,25,0.517539087792351,0.013031262235033,8267.000000000000000,29138.000000000000000,122415.000000000000000,6.550453627035378,23.087833287112240,29.638286914147617,37405.000000000000000,1838.538170820500682,4.000000000000000,74.000000000000000,24894.000000000000000,89.599999999999994
368,27,163,47680,02395287,0600000US2716347680,2716347680,Oakdale,Oakdale city,MN,Washington County,Minnesota,25,0.295117551941105,0.003345673716931,1059.000000000000000,24737.000000000000000,31614.000000000000000,3.250560176801007,75.929279597286595,79.179839774087597,25796.000000000000000,235.516139216028819,8.000000000000000,63.000000000000000,27925.000000000000000,71.799999999999997
369,27,019,35108,00664705,0600000US2701935108,2701935108,Laketown,Laketown township,MN,Carver County,Minnesota,44,0.551795565416286,0.007960524842252,401.000000000000000,5555.000000000000000,70307.000000000000000,0.515888331403576,7.146532870191689,7.662421201595265,5956.000000000000000,89.180332224388621,1.000000000000000,90.000000000000000,1926.000000000000000,94.200000000000003
371,27,163,21770,02394789,0600000US2716321770,2716321770,Forest Lake,Forest Lake city,MN,Washington County,Minnesota,25,0.417276654912449,0.010547353526259,4474.000000000000000,20824.000000000000000,88365.000000000000000,4.376020892223124,20.367961345474818,24.743982237697942,25298.000000000000000,994.994529605772300,4.000000000000000,69.000000000000000,20393.000000000000000,87.099999999999994
372,27,037,35180,02395614,0600000US2703735180,2703735180,Lakeville,Lakeville city,MN,Dakota County,Minnesota,25,0.522872982532413,0.011195215150852,15322.000000000000000,50519.000000000000000,104769.000000000000000,13.980692373670092,46.096501633301095,60.077194006971183,65841.000000000000000,3407.533791376764384,3.000000000000000,77.000000000000000,65710.000000000000000,85.599999999999994
375,27,139,31580,00664569,0600000US2713931580,2713931580,Jackson,Jackson township,MN,Scott County,Minnesota,44,0.312872263694165,0.001769557439623,1631.000000000000000,2159.000000000000000,16389.000000000000000,9.436473038648462,12.491321453367277,21.927794492015735,3790.000000000000000,362.725989670767717,1.000000000000000,81.000000000000000,1683.000000000000000,68.799999999999997
376,27,171,22400,00664219,0600000US2717122400,2717122400,Franklin,Franklin township,MN,Wright County,Minnesota,44,0.904555637000550,0.012432458905352,397.000000000000000,7920.000000000000000,117788.000000000000000,0.328153413787403,6.546536617622747,6.874690031410151,8317.000000000000000,88.290752850579267,1.000000000000000,83.000000000000000,2918.000000000000000,98.599999999999994
377,27,053,13168,02393634,0600000US2705313168,2705313168,Corcoran,Corcoran city,MN,Hennepin County,Minnesota,25,0.435951566815450,0.010680586166466,2223.000000000000000,11753.000000000000000,103113.000000000000000,2.141742297242615,11.323390562074879,13.465132859317494,13976.000000000000000,494.383736994553431,3.000000000000000,82.000000000000000,6113.000000000000000,92.500000000000000
378,27,123,66460,02397106,0600000US2712366460,2712366460,Vadnais Heights,Vadnais Heights city,MN,Ramsey County,Minnesota,25,0.249675975746432,0.002432551158056,91.000000000000000,13772.000000000000000,20316.000000000000000,0.384534122121276,58.195647580815546,58.580181702936827,13863.000000000000000,20.237930754163006,2.000000000000000,66.000000000000000,13565.000000000000000,79.099999999999994
379,27,019,10918,02393799,0600000US2701910918,2701910918,Chanhassen,Chanhassen city,MN,Carver County,Minnesota,25,0.458699231277793,0.006724013557054,5059.000000000000000,27052.000000000000000,58301.000000000000000,7.708247626883637,41.218326705367893,48.926574332251526,32111.000000000000000,1125.095513025391710,2.000000000000000,76.000000000000000,25965.000000000000000,87.299999999999997
